-- Seed: 3-dagers styrkeprogram for test user
INSERT INTO programs (id, user_id, name, is_active)
VALUES (
    '00000000-0000-0000-0000-000000000002',
    '00000000-0000-0000-0000-000000000001',
    '3-dagers styrkeprogram',
    true
)
ON CONFLICT (id) DO NOTHING;

-- Day 1: Ben
INSERT INTO program_days (id, program_id, day_number, name)
VALUES ('00000000-0000-0000-0000-000000000010', '00000000-0000-0000-0000-000000000002', 1, 'Ben')
ON CONFLICT (id) DO NOTHING;

INSERT INTO program_exercises (id, program_day_id, exercise_id, order_index) VALUES
('00000000-0000-0001-0001-000000000001', '00000000-0000-0000-0000-000000000010', 'squat',             0),
('00000000-0000-0001-0001-000000000002', '00000000-0000-0000-0000-000000000010', 'leg-press',         1),
('00000000-0000-0001-0001-000000000003', '00000000-0000-0000-0000-000000000010', 'lunge',             2),
('00000000-0000-0001-0001-000000000004', '00000000-0000-0000-0000-000000000010', 'romanian-deadlift', 3)
ON CONFLICT (id) DO NOTHING;

INSERT INTO program_exercise_sets (program_exercise_id, set_number, reps, weight_kg) VALUES
('00000000-0000-0001-0001-000000000001', 1, 5, 80),  ('00000000-0000-0001-0001-000000000001', 2, 5, 80),
('00000000-0000-0001-0001-000000000001', 3, 5, 80),  ('00000000-0000-0001-0001-000000000001', 4, 5, 80),
('00000000-0000-0001-0001-000000000002', 1, 10, 100), ('00000000-0000-0001-0001-000000000002', 2, 10, 100),
('00000000-0000-0001-0001-000000000002', 3, 10, 100),
('00000000-0000-0001-0001-000000000003', 1, 12, 20), ('00000000-0000-0001-0001-000000000003', 2, 12, 20),
('00000000-0000-0001-0001-000000000003', 3, 12, 20),
('00000000-0000-0001-0001-000000000004', 1, 10, 60), ('00000000-0000-0001-0001-000000000004', 2, 10, 60),
('00000000-0000-0001-0001-000000000004', 3, 10, 60)
ON CONFLICT ON CONSTRAINT uq_exercise_set_order DO NOTHING;

-- Day 2: Overkropp
INSERT INTO program_days (id, program_id, day_number, name)
VALUES ('00000000-0000-0000-0000-000000000011', '00000000-0000-0000-0000-000000000002', 2, 'Overkropp')
ON CONFLICT (id) DO NOTHING;

INSERT INTO program_exercises (id, program_day_id, exercise_id, order_index) VALUES
('00000000-0000-0001-0002-000000000001', '00000000-0000-0000-0000-000000000011', 'bench-press',     0),
('00000000-0000-0001-0002-000000000002', '00000000-0000-0000-0000-000000000011', 'overhead-press',  1),
('00000000-0000-0001-0002-000000000003', '00000000-0000-0000-0000-000000000011', 'dumbbell-row',    2),
('00000000-0000-0001-0002-000000000004', '00000000-0000-0000-0000-000000000011', 'bicep-curl',      3),
('00000000-0000-0001-0002-000000000005', '00000000-0000-0000-0000-000000000011', 'tricep-pushdown', 4)
ON CONFLICT (id) DO NOTHING;

INSERT INTO program_exercise_sets (program_exercise_id, set_number, reps, weight_kg) VALUES
('00000000-0000-0001-0002-000000000001', 1, 5, 70), ('00000000-0000-0001-0002-000000000001', 2, 5, 70),
('00000000-0000-0001-0002-000000000001', 3, 5, 70), ('00000000-0000-0001-0002-000000000001', 4, 5, 70),
('00000000-0000-0001-0002-000000000002', 1, 8, 50), ('00000000-0000-0001-0002-000000000002', 2, 8, 50),
('00000000-0000-0001-0002-000000000002', 3, 8, 50),
('00000000-0000-0001-0002-000000000003', 1, 10, 30), ('00000000-0000-0001-0002-000000000003', 2, 10, 30),
('00000000-0000-0001-0002-000000000003', 3, 10, 30),
('00000000-0000-0001-0002-000000000004', 1, 12, 15), ('00000000-0000-0001-0002-000000000004', 2, 12, 15),
('00000000-0000-0001-0002-000000000004', 3, 12, 15),
('00000000-0000-0001-0002-000000000005', 1, 12, 20), ('00000000-0000-0001-0002-000000000005', 2, 12, 20),
('00000000-0000-0001-0002-000000000005', 3, 12, 20)
ON CONFLICT ON CONSTRAINT uq_exercise_set_order DO NOTHING;

-- Day 3: Helkropp
INSERT INTO program_days (id, program_id, day_number, name)
VALUES ('00000000-0000-0000-0000-000000000012', '00000000-0000-0000-0000-000000000002', 3, 'Helkropp')
ON CONFLICT (id) DO NOTHING;

INSERT INTO program_exercises (id, program_day_id, exercise_id, order_index) VALUES
('00000000-0000-0001-0003-000000000001', '00000000-0000-0000-0000-000000000012', 'deadlift',     0),
('00000000-0000-0001-0003-000000000002', '00000000-0000-0000-0000-000000000012', 'pull-up',      1),
('00000000-0000-0001-0003-000000000003', '00000000-0000-0000-0000-000000000012', 'lat-pulldown', 2),
('00000000-0000-0001-0003-000000000004', '00000000-0000-0000-0000-000000000012', 'face-pull',    3),
('00000000-0000-0001-0003-000000000005', '00000000-0000-0000-0000-000000000012', 'dip',          4)
ON CONFLICT (id) DO NOTHING;

INSERT INTO program_exercise_sets (program_exercise_id, set_number, reps, weight_kg) VALUES
('00000000-0000-0001-0003-000000000001', 1, 5, 100), ('00000000-0000-0001-0003-000000000001', 2, 5, 100),
('00000000-0000-0001-0003-000000000001', 3, 5, 100), ('00000000-0000-0001-0003-000000000001', 4, 5, 100),
('00000000-0000-0001-0003-000000000002', 1, 8, null), ('00000000-0000-0001-0003-000000000002', 2, 8, null),
('00000000-0000-0001-0003-000000000002', 3, 8, null),
('00000000-0000-0001-0003-000000000003', 1, 10, 60), ('00000000-0000-0001-0003-000000000003', 2, 10, 60),
('00000000-0000-0001-0003-000000000003', 3, 10, 60),
('00000000-0000-0001-0003-000000000004', 1, 15, 20), ('00000000-0000-0001-0003-000000000004', 2, 15, 20),
('00000000-0000-0001-0003-000000000004', 3, 15, 20),
('00000000-0000-0001-0003-000000000005', 1, 10, null), ('00000000-0000-0001-0003-000000000005', 2, 10, null),
('00000000-0000-0001-0003-000000000005', 3, 10, null)
ON CONFLICT ON CONSTRAINT uq_exercise_set_order DO NOTHING;
